[{"isbn":"778687875-0","title":"Charisma (Karisuma)","author":"Arabela Grinham","pub_date":"11/7/1933","price":31.79},
{"isbn":"738357851-1","title":"Teddy Bear (10 timer til Paradis)","author":"Ansel Baldcock","pub_date":"4/20/1832","price":98.52},
{"isbn":"450415461-7","title":"11 x 14","author":"Torrin Kippin","pub_date":"6/17/1975","price":90.72},
{"isbn":"496810672-6","title":"Ariel","author":"Nat Gettone","pub_date":"10/26/1829","price":6.4},
{"isbn":"443694916-8","title":"They Live","author":"Jdavie Gryglewski","pub_date":"4/9/1873","price":50.9},
{"isbn":"370840939-6","title":"Hitch-Hiker, The","author":"Everett Barmby","pub_date":"3/6/1982","price":91.39},
{"isbn":"982610354-3","title":"The First Men in the Moon","author":"Hieronymus Goldson","pub_date":"3/17/1878","price":69.69},
{"isbn":"700461043-8","title":"Ruby & Quentin (Tais-toi!)","author":"Bone Lewinton","pub_date":"12/9/1972","price":91.09},
{"isbn":"800101918-7","title":"Autumn in New York","author":"Katharina Burkert","pub_date":"3/13/1947","price":2.95},
{"isbn":"923659730-0","title":"Odd Life of Timothy Green, The","author":"Frans Wabe","pub_date":"9/14/1870","price":50.25},
{"isbn":"021319451-1","title":"Four Heads Are Better Than One (Un homme de tête)","author":"Odo Duling","pub_date":"2/6/1931","price":78.05},
{"isbn":"817638789-4","title":"Beast of Yucca Flats, The","author":"Frank Anderson","pub_date":"7/15/1883","price":83.2},
{"isbn":"664410780-X","title":"Leprechaun 4: In Space","author":"Hazlett De Courtney","pub_date":"4/21/1965","price":50.98},
{"isbn":"342568046-3","title":"Full of It","author":"Berte Broadnicke","pub_date":"6/27/1922","price":55.64},
{"isbn":"830852190-8","title":"Valdez Is Coming","author":"Hamid Screwton","pub_date":"5/4/2005","price":70.06},
{"isbn":"547742460-5","title":"Lady Death","author":"Helsa Fripps","pub_date":"9/12/1921","price":39.19},
{"isbn":"657182695-X","title":"Viva Las Vegas","author":"Maggie Yakushkin","pub_date":"1/20/1880","price":77.45},
{"isbn":"087207763-2","title":"Short Film About John Bolton, A","author":"Maressa Pow","pub_date":"7/6/1844","price":10.33},
{"isbn":"373646115-1","title":"Suspect Zero","author":"Lorette Chellam","pub_date":"1/1/1933","price":35.66},
{"isbn":"982308205-7","title":"Le Mans","author":"Kimbra Gilbody","pub_date":"9/20/1971","price":41.97},
{"isbn":"597157218-0","title":"Beware of a Holy Whore (Warnung vor einer heiligen Nutte)","author":"Floyd Lineker","pub_date":"11/15/1983","price":16.08},
{"isbn":"809958501-1","title":"City of Industry","author":"Lawrence Root","pub_date":"5/22/1950","price":66.6},
{"isbn":"211459751-2","title":"Priest","author":"Cosme Dobel","pub_date":"9/8/1931","price":89.55},
{"isbn":"339332901-4","title":"Wednesday!, A","author":"Jecho Geeritz","pub_date":"6/30/1987","price":95.78},
{"isbn":"825736300-6","title":"Triumph of the Nerds, The: The Rise of Accidental Empires","author":"Dick Maykin","pub_date":"4/27/1841","price":36.01},
{"isbn":"511901499-2","title":"Strangers When We Meet","author":"Vannie McClurg","pub_date":"12/14/1902","price":34.1},
{"isbn":"453264776-2","title":"Story of Me, The (O contador de histórias)","author":"Dannye Marking","pub_date":"7/3/1989","price":31.12},
{"isbn":"753218306-8","title":"Hello, Friend","author":"Marin Kerrich","pub_date":"3/8/1920","price":21.19},
{"isbn":"125541833-8","title":"Time of Favor (Ha-Hesder)","author":"Jarrod Clawson","pub_date":"5/28/1902","price":13.78},
{"isbn":"836643182-7","title":"Mortician, The","author":"Garik Flindall","pub_date":"3/27/1893","price":15.34},
{"isbn":"043602943-X","title":"Match Factory Girl, The (Tulitikkutehtaan tyttö)","author":"Rosemarie McReedy","pub_date":"1/17/1893","price":58.18},
{"isbn":"476581213-8","title":"Listen Up Philip","author":"Ilka Cowle","pub_date":"3/13/2008","price":54.75},
{"isbn":"449322177-1","title":"House at the End of the Street","author":"Claudie Dionisio","pub_date":"6/21/1888","price":57.59},
{"isbn":"004882938-2","title":"The Land Before Time IX: Journey to the Big Water","author":"Jerri Curbishley","pub_date":"10/28/1865","price":81.03},
{"isbn":"476340771-6","title":"Haunted House","author":"Susanetta Pischof","pub_date":"12/6/1865","price":57.5},
{"isbn":"122693601-6","title":"Yossi & Jagger","author":"Davine Brooksbank","pub_date":"5/11/1981","price":40.53},
{"isbn":"153164023-0","title":"Glowing Stars","author":"Rex Papis","pub_date":"12/3/1902","price":19.69},
{"isbn":"941231550-3","title":"Bridge to Terabithia","author":"Evanne Whewill","pub_date":"8/16/1888","price":20.35},
{"isbn":"393227563-2","title":"Secret Adventures of Tom Thumb, The","author":"Barby Barr","pub_date":"8/15/1832","price":68.15},
{"isbn":"104326185-0","title":"And So It Is","author":"Gannon Ramelet","pub_date":"3/9/1947","price":89.35},
{"isbn":"648182834-1","title":"Mahjong (Ma jiang)","author":"Elvyn Stollenbeck","pub_date":"11/3/1954","price":46.57},
{"isbn":"131820009-1","title":"Strange Color Of Your Body's Tears, The (L'étrange couleur des larmes de ton corps)","author":"Alvin Neville","pub_date":"2/11/2010","price":15.52},
{"isbn":"365140013-1","title":"Mary and Max","author":"Hunt Tytler","pub_date":"7/4/2010","price":91.41},
{"isbn":"681605344-3","title":"Santa Clause 3: The Escape Clause, The","author":"Hinda Wace","pub_date":"3/11/2009","price":85.79},
{"isbn":"180577207-4","title":"Land Before Time III: The Time of the Great Giving","author":"Conny Emby","pub_date":"5/12/1995","price":47.42},
{"isbn":"244508115-7","title":"All I Desire","author":"Ravid Shimon","pub_date":"5/29/1838","price":37.1},
{"isbn":"925359462-4","title":"Spring Forward","author":"Dorian Teal","pub_date":"3/27/1962","price":67.76},
{"isbn":"898561955-1","title":"Peter Ibbetson","author":"Sabina Verden","pub_date":"5/5/1975","price":96.52},
{"isbn":"303833560-6","title":"Trio","author":"Amye Gosselin","pub_date":"10/21/1886","price":62.23},
{"isbn":"884987943-1","title":"Valhalla","author":"Gerri Markham","pub_date":"2/20/2002","price":49.42}]